u16F08,con
u16F0A,con
u16F16,con
u16F28,con
u16F35,con
u16F3A,con
u16F40,con
u16F42,con
u16F43,con
u16F00,con
u16F04,con
u16F10,con
u16F1A,con
u16F1E,con
u16F2A,con
u16F3D,con
u16F02,con
u16F07,con
u16F0C,con
u16F0D,con
u16F0E,con
u16F20,con
u16F21,con
u16F26,con
u16F31,con
u16F32,con
u16F37,con
u16F39,con
u16F48,con
u16F49,con
u16F4A,con
u16F2E,con
u16F30,con
u16F12,con
u16F33,con
u16F3B,con
u16F50,con
u16F2C,con
u16F1C,con
u16F34,con
u16F03,con
u16F14,con
u16F18,con
u16F23,con
u16F01,con
u16F05,con
u16F09,con
u16F0B,con
u16F0F,con
u16F11,con
u16F15,con
u16F17,con
u16F19,con
u16F1B,con
u16F1D,con
u16F1F,con
u16F22,con
u16F24,con
u16F29,con
u16F2B,con
u16F2D,con
u16F2F,con
u16F36,con
u16F38,con
u16F3C,con
u16F3E,con
u16F41,con
u16F44,con
u16F45,con
u16F46,con
u16F47,con
u16F55.mark,mark
u16F59.mark,mark
u16F5D.mark,mark
u16F61.mark,mark
u16F62.mark,mark
u16F6A.mark,mark
u16F6B.mark,mark
u16F71.mark,mark
u16F75.mark,mark
u16F77.mark,mark
u16F79.mark,mark
u16F57.mark,mark
u16F58.mark,mark
u16F5C.mark,mark
u16F5E.mark,mark
u16F60.mark,mark
u16F63.mark,mark
u16F64.mark,mark
u16F66.mark,mark
u16F68.mark,mark
u16F69.mark,mark
u16F73.mark,mark
u16F74.mark,mark
u16F7B.mark,mark
u16F54.mark,mark
u16F56.mark,mark
u16F5A.mark,mark
u16F5B.mark,mark
u16F5F.mark,mark
u16F65.mark,mark
u16F67.mark,mark
u16F6C.mark,mark
u16F6D.mark,mark
u16F6E.mark,mark
u16F6F.mark,mark
u16F70.mark,mark
u16F72.mark,mark
u16F76.mark,mark
u16F78.mark,mark
u16F7A.mark,mark
u16F7C.mark,mark
u16F7D.mark,mark
u16F7E.mark,mark
u16F7F.mark,mark
u16F80.mark,mark
u16F81.mark,mark
u16F82.mark,mark
u16F83.mark,mark
u16F84.mark,mark
u16F85.mark,mark
u16F86.mark,mark
u16F87.mark,mark
u16F55,vow
u16F59,vow
u16F5D,vow
u16F61,vow
u16F62,vow
u16F6A,vow
u16F6B,vow
u16F71,vow
u16F75,vow
u16F77,vow
u16F79,vow
u16F57,vow
u16F58,vow
u16F5C,vow
u16F5E,vow
u16F60,vow
u16F63,vow
u16F64,vow
u16F66,vow
u16F68,vow
u16F69,vow
u16F73,vow
u16F74,vow
u16F7B,vow
u16F54,vow
u16F56,vow
u16F5A,vow
u16F5B,vow
u16F5F,vow
u16F65,vow
u16F67,vow
u16F6C,vow
u16F6D,vow
u16F6E,vow
u16F6F,vow
u16F70,vow
u16F72,vow
u16F76,vow
u16F78,vow
u16F7A,vow
u16F7C,vow
u16F7D,vow
u16F7E,vow
u16F7F,vow
u16F80,vow
u16F81,vow
u16F82,vow
u16F83,vow
u16F84,vow
u16F85,vow
u16F86,vow
u16F87,vow